Film 	Year 	Awards 	Nominations
7th Heaven 	1927/28 	3 	5
The Circus 	1927/28 	0	0
The Dove 	1927/28 	1 	1
The Jazz Singer 	1927/28 	0	1
The Last Command 	1927/28 	1 	2
Street Angel 	1927/28 	1 	3
Sunrise 	1927/28 	3 	4
Tempest 	1927/28 	1 	1
Two Arabian Knights 	1927/28 	1 	1
Underworld 	1927/28 	1 	1
The Way of All Flesh 	1927/28 	1 	1
Wings 	1927/28 	2 	2
The Bridge of San Luis Rey 	1928/29 	1 	1
The Broadway Melody 	1928/29 	1 	3
Coquette 	1928/29 	1 	1
The Divine Lady 	1928/29 	1 	3
In Old Arizona 	1928/29 	1 	5
The Patriot 	1928/29 	1 	5
White Shadows in the South Seas 	1928/29 	1 	1
All Quiet on the Western Front 	1929/30 	2 	4
The Big House 	1929/30 	2 	4
Disraeli 	1929/30 	1 	3
The Divorcee 	1929/30 	1 	4
King of Jazz 	1929/30 	1 	1
With Byrd at the South Pole 	1929/30 	1 	1
Cimarron 	1930/31 	3 	7
The Dawn Patrol 	1930/31 	1 	1
A Free Soul 	1930/31 	1 	3
Min and Bill 	1930/31 	1 	1
Skippy 	1930/31 	1 	4
Tabu 	1930/31 	1 	1
Bad Girl 	1931/32 	2 	3
The Champ 	1931/32 	2 	4
Dr. Jekyll and Mr. Hyde 	1931/32 	1 	3
Flowers and Trees 	1931/32 	1 	1
Grand Hotel 	1931/32 	1 	1
The Music Box 	1931/32 	1 	1
Shanghai Express 	1931/32 	1 	3
The Sin of Madelon Claudet 	1931/32 	1 	1
Transatlantic 	1931/32 	1 	1
Wrestling Swordfish 	1931/32 	1 	1
Cavalcade 	1932/33 	3 	4
A Farewell to Arms 	1932/33 	2 	4
Krakatoa 	1932/33 	1 	1
Little Women 	1932/33 	1 	3
Morning Glory 	1932/33 	1 	1
One Way Passage 	1932/33 	1 	1
The Private Life of Henry VIII 	1932/33 	1 	2
So This Is Harris! 	1932/33 	1 	1
Three Little Pigs 	1932/33 	1 	1
City of Wax 	1934 	1 	1
Cleopatra 	1934 	1 	5
La Cucaracha 	1934 	1 	1
Eskimo 	1934 	1 	1
The Gay Divorcee 	1934 	1 	5
It Happened One Night 	1934 	5 	5
Manhattan Melodrama 	1934 	1 	1
The Merry Widow 	1934 	1 	1
One Night of Love 	1934 	2 	6
The Tortoise and the Hare 	1934 	1 	1
Viva Villa! 	1934 	1 	4
Broadway Melody of 1936 	1935 	1 	3
Dangerous 	1935 	1 	1
The Dark Angel 	1935 	1 	3
Folies Bergere 	1935 	1 	1
Gold Diggers of 1935 	1935 	1 	2
How to Sleep 	1935 	1 	1
The Informer 	1935 	4 	6
The Lives of a Bengal Lancer 	1935 	1 	7
A Midsummer Night's Dream 	1935 	2 	4
Mutiny on the Bounty 	1935 	1 	8
Naughty Marietta 	1935 	1 	2
The Scoundrel 	1935 	1 	1
Three Orphan Kittens 	1935 	1 	1
Wings Over Everest 	1935 	1 	1
Anthony Adverse 	1936 	4 	7
Bored of Education 	1936 	1 	1
The Charge of the Light Brigade 	1936 	1 	3
Come and Get It 	1936 	1 	2
The Country Cousin 	1936 	1 	1
Dodsworth 	1936 	1 	7
The Garden of Allah 	1936 	0	2
Give Me Liberty 	1936 	1 	1
The Great Ziegfeld 	1936 	3 	7
Mr. Deeds Goes to Town 	1936 	1 	5
The Public Pays 	1936 	1 	1
San Francisco 	1936 	1 	6
The Story of Louis Pasteur 	1936 	3 	4
Swing Time 	1936 	1 	2
The Awful Truth 	1937 	1 	6
Captains Courageous 	1937 	1 	4
A Damsel in Distress 	1937 	1 	2
The Good Earth 	1937 	2 	5
The Hurricane 	1937 	1 	3
In Old Chicago 	1937 	2 	6
The Life of Emile Zola 	1937 	3 	10
Lost Horizon 	1937 	2 	7
The Old Mill 	1937 	1 	1
One Hundred Men and a Girl 	1937 	1 	5
Penny Wisdom 	1937 	1 	1
The Private Life of the Gannets 	1937 	1 	1
Snow White and the Seven Dwarfs 	1937 	0	1
A Star Is Born 	1937 	1	7
Torture Money 	1937 	1 	1
Waikiki Wedding 	1937 	1 	2
The Adventures of Robin Hood 	1938 	3 	4
Alexander's Ragtime Band 	1938 	1 	6
The Big Broadcast of 1938 	1938 	1 	1
Boys Town 	1938 	2 	5
The Cowboy and the Lady 	1938 	1 	3
Declaration of Independence 	1938 	1 	1
Ferdinand the Bull 	1938 	1 	1
Jezebel 	1938 	2 	5
Kentucky 	1938 	1 	1
Pygmalion 	1938 	1 	4
Spawn of the North 	1938 	0	0
Sweethearts 	1938 	0	2
That Mothers Might Live 	1938 	1 	1
The Great Waltz 	1938 	1 	3
You Can't Take It with You 	1938 	2 	7
Busy Little Bears 	1939 	1 	1
Gone with the Wind 	1939 	8	13
Goodbye, Mr. Chips 	1939 	1 	7
Mr. Smith Goes to Washington 	1939 	1 	11
The Rains Came 	1939 	1 	6
Sons of Liberty 	1939 	1 	1
Stagecoach 	1939 	2 	7
The Ugly Duckling 	1939 	1 	1
When Tomorrow Comes 	1939 	1 	1
The Wizard of Oz 	1939 	2 	6
Wuthering Heights 	1939 	1 	8
Arise, My Love 	1940 	1 	4
Fantasia 	1940 	0	0
The Grapes of Wrath 	1940 	2 	7
The Great McGinty 	1940 	1 	1
Kitty Foyle (Kitty Foyle: The Natural History of a Woman) 	1940 	1 	5
The Milky Way 	1940 	1 	1
North West Mounted Police 	1940 	1 	5
The Philadelphia Story 	1940 	2 	6
Pinocchio 	1940 	2 	2
Pride and Prejudice 	1940 	1 	1
Quicker'n a Wink 	1940 	1 	1
Rebecca 	1940 	2 	11
Strike Up the Band 	1940 	1 	3
Teddy, the Rough Rider 	1940 	1 	1
The Thief of Bagdad 	1940 	3 	4
Tin Pan Alley 	1940 	1 	1
The Westerner 	1940 	1 	3
All That Money Can Buy 	1941 	1 	2
Blood and Sand 	1941 	1 	2
Blossoms in the Dust 	1941 	1 	4
Churchill's Island 	1941 	1 	1
Citizen Kane 	1941 	1 	9
Dumbo 	1941 	1 	2
The Great Lie 	1941 	1 	1
Here Comes Mr. Jordan 	1941 	2 	7
How Green Was My Valley 	1941 	5 	10
I Wanted Wings 	1941 	1 	1
Kukan 	1941 	0	0
Lady Be Good 	1941 	1 	1
Lend a Paw 	1941 	1 	1
Main Street on the March! 	1941 	1 	1
Of Pups and Puzzles 	1941 	1 	1
Sergeant York 	1941 	2 	11
Suspicion 	1941 	1 	3
Target for Tonight 	1941 	0	0
That Hamilton Woman 	1941 	1 	4
Beyond the Line of Duty 	1942 	1 	1
The Black Swan 	1942 	1 	3
Der Fuehrer's Face 	1942 	1 	1
Holiday Inn 	1942 	1 	3
In Which We Serve 	1942 	0	2
The Invaders 	1942 	1 	3
Johnny Eager 	1942 	1 	1
Kokoda Front Line! 	1942 	1 	1
Moscow Strikes Back 	1942 	1 	1
Mrs. Miniver 	1942 	6 	12
My Gal Sal 	1942 	1 	2
Now, Voyager 	1942 	1 	3
Prelude to War 	1942 	1 	1
The Pride of the Yankees 	1942 	1 	11
Reap the Wild Wind 	1942 	1 	3
Speaking of Animals and Their Families 	1942 	1 	1
The Battle of Midway 	1942 	1 	1
This Above All 	1942 	1 	4
Woman of the Year 	1942 	1 	2
Yankee Doodle Dandy 	1942 	3 	8
Air Force 	1943 	1 	4
Amphibious Fighters 	1943 	1 	1
Casablanca 	1943 	3 	8
Crash Dive 	1943 	1 	1
December 7th 	1943 	1 	1
Desert Victory 	1943 	1 	1
For Whom the Bell Tolls 	1943 	1 	9
Heavenly Music 	1943 	1 	1
Hello, Frisco, Hello 	1943 	1 	2
The Human Comedy 	1943 	1 	5
The More the Merrier 	1943 	1 	6
Phantom of the Opera 	1943 	2 	4
Princess O'Rourke 	1943 	1 	1
The Song of Bernadette 	1943 	4 	12
This Is the Army 	1943 	1 	3
This Land Is Mine 	1943 	1 	1
Watch on the Rhine 	1943 	1 	4
The Yankee Doodle Mouse 	1943 	1 	1
Cover Girl 	1944 	1 	5
The Fighting Lady 	1944 	1 	1
Gaslight 	1944 	2 	7
Going My Way 	1944 	7 	10
I Won't Play 	1944 	1 	1
Laura 	1944 	1 	5
Mouse Trouble 	1944 	1 	1
None But the Lonely Heart 	1944 	1 	4
Since You Went Away 	1944 	1 	9
Thirty Seconds Over Tokyo 	1944 	1 	2
Who's Who in Animal Land 	1944 	1 	1
Wilson 	1944 	5 	10
With the Marines at Tarawa 	1944 	1 	1
Anchors Aweigh 	1945 	1 	5
The Bells of St. Mary's 	1945 	1 	8
Blood on the Sun 	1945 	1 	1
Frenchman's Creek 	1945 	1 	1
Hitler Lives 	1945 	1 	1
The House I Live In 	1945 	0	0
The House on 92nd Street 	1945 	1 	1
Leave Her to Heaven 	1945 	1 	4
The Lost Weekend 	1945 	4 	7
Marie-Louise 	1945 	1 	1
Mildred Pierce 	1945 	1 	6
National Velvet 	1945 	2 	5
The Picture of Dorian Gray 	1945 	1 	3
Quiet Please! 	1945 	1 	1
Spellbound 	1945 	1 	6
Stairway to Light 	1945 	1 	1
Star in the Night 	1945 	1 	1
State Fair 	1945 	1 	2
A Tree Grows in Brooklyn 	1945 	1 	2
The True Glory 	1945 	1 	1
Wonder Man 	1945 	1 	4
Anna and the King of Siam 	1946 	2 	5
The Best Years of Our Lives 	1946 	7	8
Blithe Spirit 	1946 	1 	1
A Boy and His Dog 	1946 	1 	1
The Cat Concerto 	1946 	1 	1
Facing Your Danger 	1946 	1 	1
The Harvey Girls 	1946 	1 	2
Henry V 	1946 	0	4
The Jolson Story 	1946 	2 	6
The Razor's Edge 	1946 	1 	4
Seeds of Destiny 	1946 	1 	1
The Seventh Veil 	1946 	1 	1
The Yearling 	1946 	2 	7
To Each His Own 	1946 	1 	2
Vacation from Marriage (UK title Perfect Strangers) 	1946 	1 	1
The Bachelor and the Bobby-Soxer 	1947 	1 	1
The Bishop's Wife 	1947 	1 	5
Black Narcissus 	1947 	2 	2
Body and Soul 	1947 	1 	3
Climbing the Matterhorn 	1947 	1 	1
Design for Death 	1947 	1 	1
A Double Life 	1947 	2 	4
The Farmer's Daughter 	1947 	1 	2
First Steps 	1947 	1 	1
Gentleman's Agreement 	1947 	3 	8
Goodbye, Miss Turlock 	1947 	1 	1
Great Expectations 	1947 	2 	5
Green Dolphin Street 	1947 	1 	4
Miracle on 34th Street 	1947 	3 	4
Mother Wore Tights 	1947 	1 	3
Shoeshine (Sciuscià) 	1947 	0	1
Song of the South 	1947 	1	2
Tweetie Pie 	1947 	1 	1
Bill and Coo 	1948 	0	0
Easter Parade 	1948 	1 	1
Hamlet 	1948 	4 	7
Joan of Arc 	1948 	2	7
Johnny Belinda 	1948 	1 	12
Key Largo 	1948 	1 	1
The Little Orphan 	1948 	1 	1
Monsieur Vincent 	1948 	0	0
The Naked City 	1948 	2 	3
The Paleface 	1948 	1 	1
Portrait of Jennie 	1948 	1 	2
The Red Shoes 	1948 	2 	5
Seal Island 	1948 	1 	1
The Search 	1948 	1	4
The Secret Land 	1948 	1 	1
The Snake Pit 	1948 	1 	6
Symphony of a City 	1948 	1 	1
Toward Independence 	1948 	1 	1
The Treasure of the Sierra Madre 	1948 	3 	4
Adventures of Don Juan 	1949 	1 	2
All the King's Men 	1949 	3 	7
Aquatic House Party 	1949 	1 	1
Battleground 	1949 	2 	6
Bicycle Thieves 	1949 	0	1
Champion 	1949 	1 	6
A Chance to Live 	1949 	1 	1
Daybreak in Udi 	1949 	1 	1
For Scent-imental Reasons 	1949 	1 	1
The Heiress 	1949 	4 	8
A Letter to Three Wives 	1949 	2 	3
Little Women 	1949 	1 	2
Mighty Joe Young 	1949 	1 	1
Neptune's Daughter 	1949 	1 	1
On the Town 	1949 	1 	1
She Wore a Yellow Ribbon 	1949 	1 	1
So Much for So Little 	1949 	1 	1
The Stratton Story 	1949 	1 	1
Twelve O'Clock High 	1949 	2 	4
Van Gogh 	1949 	1 	1
All About Eve 	1950 	6 	14
Annie Get Your Gun 	1950 	1 	4
Born Yesterday 	1950 	1 	5
Captain Carey, U.S.A. 	1950 	1 	1
Cyrano de Bergerac 	1950 	1 	1
Destination Moon 	1950 	1 	2
Gerald McBoing-Boing 	1950 	1 	1
Grandad of Races 	1950 	1 	1
Harvey 	1950 	1 	2
In Beaver Valley 	1950 	1 	1
King Solomon's Mines 	1950 	2 	3
Kon-Tiki 	1950 	1 	1
Panic in the Streets 	1950 	1 	1
Samson and Delilah 	1950 	2 	5
Sunset Boulevard 	1950 	3 	11
The Third Man 	1950 	1 	3
The Titan: Story of Michelangelo 	1950 	1 	1
The Walls of Malapaga 	1950 	0	0
Why Korea? 	1950 	1 	1
The African Queen 	1951 	1 	4
An American in Paris 	1951 	6 	8
Benjy 	1951 	1 	1
The Great Caruso 	1951 	1 	3
Here Comes the Groom 	1951 	1 	2
Nature's Half Acre 	1951 	1 	1
A Place in the Sun 	1951 	6 	9
Rashomon 	1951 	0	1
Seven Days to Noon 	1951 	1 	1
A Streetcar Named Desire 	1951 	4 	12
The Two Mouseketeers 	1951 	1 	1
When Worlds Collide 	1951 	1 	2
World of Kids 	1951 	1 	1
The Bad and the Beautiful 	1952 	5 	6
Breaking the Sound Barrier 	1952 	1 	2
Come Back, Little Sheba 	1952 	1 	3
Forbidden Games 	1952 	0	1
The Greatest Show on Earth 	1952 	2 	5
High Noon 	1952 	4 	7
Johann Mouse 	1952 	1 	1
The Lavender Hill Mob 	1952 	1 	2
Light in the Window 	1952 	1 	1
Moulin Rouge 	1952 	2 	7
Neighbours 	1952 	1 	2
Plymouth Adventure 	1952 	1 	1
The Quiet Man 	1952 	2 	7
The Sea Around Us 	1952 	1 	1
Viva Zapata! 	1952 	1 	5
Water Birds 	1952 	1 	1
With a Song in My Heart 	1952 	1 	5
The Alaskan Eskimo 	1953 	1 	1
Bear Country 	1953 	1 	1
Calamity Jane 	1953 	1 	3
Call Me Madam 	1953 	1 	2
From Here to Eternity 	1953 	8 	13
Julius Caesar 	1953 	1 	5
Lili 	1953 	1 	6
The Living Desert 	1953 	1 	1
Overture to The Merry Wives of Windsor 	1953 	1 	1
The Robe 	1953 	2 	5
Roman Holiday 	1953 	3 	10
Shane 	1953 	1 	6
Stalag 17 	1953 	1 	3
Titanic 	1953 	1 	2
Toot, Whistle, Plunk and Boom 	1953 	1 	1
The War of the Worlds 	1953 	1 	3
20,000 Leagues Under the Sea 	1954 	2 	3
The Barefoot Contessa 	1954 	1 	2
Broken Lance 	1954 	1 	2
The Country Girl 	1954 	2 	7
Gate of Hell (Jigokumon) 	1954 	1	1
The Glenn Miller Story 	1954 	1 	3
The High and the Mighty 	1954 	1 	6
The Little Kidnappers (The Kidnappers) 	1954 	0	0
On the Waterfront 	1954 	8 	12
Sabrina 	1954 	1 	6
Seven Brides for Seven Brothers 	1954 	1 	5
This Mechanical Age 	1954 	1 	1
Three Coins in the Fountain 	1954 	2 	3
Thursday's Children 	1954 	1 	1
A Time Out of War 	1954 	1 	1
The Vanishing Prairie 	1954 	1 	1
When Magoo Flew 	1954 	1 	1
The Bridges at Toko-Ri 	1955 	1 	2
East of Eden 	1955 	1 	4
The Face of Lincoln 	1955 	1 	2
Helen Keller in Her Story (The Unconquered) 	1955 	1 	1
I'll Cry Tomorrow 	1955 	1 	4
Interrupted Melody 	1955 	1 	3
Love Is a Many-Splendored Thing 	1955 	3 	8
Love Me or Leave Me 	1955 	1 	6
Marty 	1955 	4 	8
Men Against the Arctic 	1955 	1 	1
Mister Roberts 	1955 	1 	3
Oklahoma! 	1955 	2 	4
Picnic 	1955 	2 	6
The Rose Tattoo 	1955 	3 	8
Samurai I: Musashi Miyamoto (Miyamoto Musashi) 	1955 	0	0
Speedy Gonzales 	1955 	1 	1
Survival City 	1955 	1 	1
To Catch a Thief 	1955 	1 	3
Anastasia 	1956 	1 	2
Around the World in 80 Days 	1956 	5 	8
The Bespoke Overcoat 	1956 	1 	1
The Brave One 	1956 	1 	3
Crashing the Water Barrier 	1956 	1 	1
Giant 	1956 	1 	10
The King and I 	1956 	5 	9
Lust for Life 	1956 	1 	4
Magoo's Puddle Jumper 	1956 	1 	1
The Man Who Knew Too Much 	1956 	1 	1
The Red Balloon (Le ballon rouge) 	1956 	1 	1
The Silent World (Le Monde du silence) 	1956 	1 	1
The Solid Gold Cadillac 	1956 	1 	2
Somebody Up There Likes Me 	1956 	2 	3
La Strada (The Road) 	1956 	1 	2
The Ten Commandments 	1956 	1 	7
The True Story of the Civil War 	1956 	1 	1
Written on the Wind 	1956 	1 	3
Albert Schweitzer 	1957 	1 	1
Birds Anonymous 	1957 	1 	1
The Bridge on the River Kwai 	1957 	7 	8
Designing Woman 	1957 	1 	1
The Enemy Below 	1957 	1 	1
The Joker Is Wild 	1957 	1 	1
Les Girls 	1957 	1 	3
Nights of Cabiria (Le Notti di Cabiria) 	1957 	1 	1
Sayonara 	1957 	4 	10
The Three Faces of Eve 	1957 	1 	1
The Wetback Hound 	1957 	1 	1
Ama Girls 	1958 	1 	1
The Big Country 	1958 	1 	2
The Defiant Ones 	1958 	2 	9
Gigi 	1958 	9 	9
Grand Canyon 	1958 	1 	1
I Want to Live! 	1958 	1 	6
Knighty Knight Bugs 	1958 	1 	1
My Uncle (Mon oncle) 	1958 	1 	1
The Old Man and the Sea 	1958 	1 	3
Separate Tables 	1958 	2 	7
South Pacific 	1958 	1 	3
tom thumb 	1958 	1 	1
White Wilderness 	1958 	1 	2
Ben-Hur 	1959 	11 	12
Black Orpheus (Orfeu Negro) 	1959 	1 	1
The Diary of Anne Frank 	1959 	3 	8
Glass (Glas) 	1959 	1 	1
The Golden Fish (Histoire d'un poisson rouge) 	1959 	1 	1
A Hole in the Head 	1959 	1 	1
Moonbird 	1959 	1 	1
Pillow Talk 	1959 	1 	5
Porgy and Bess 	1959 	1 	4
Room at the Top 	1959 	2 	6
Serengeti Shall Not Die (Serengeti darf nicht sterben) 	1959 	1 	1
Some Like It Hot 	1959 	1 	6
The Alamo 	1960 	1 	7
The Apartment 	1960 	5 	10
BUtterfield 8 	1960 	1 	2
Day of the Painter 	1960 	1 	1
Elmer Gantry 	1960 	3 	5
Exodus 	1960 	1 	3
The Facts of Life 	1960 	1 	5
Giuseppina 	1960 	1 	1
The Horse with the Flying Tail 	1960 	1 	1
Munro 	1960 	1 	1
Never on Sunday (Pote tin Kyriaki) 	1960 	1 	5
Pollyanna 	1960 	0	0
Song Without End 	1960 	1 	1
Sons and Lovers 	1960 	1 	7
Spartacus 	1960 	4 	6
The Time Machine 	1960 	1 	1
The Virgin Spring (Jungfrukällan) 	1960 	1 	2
A Force in Readiness 	1961 	0	0
Breakfast at Tiffany's 	1961 	2 	5
La Dolce Vita 	1961 	1 	4
The Guns of Navarone 	1961 	1 	7
The Hustler 	1961 	2 	9
Judgment at Nuremberg 	1961 	2 	11
Project Hope 	1961 	1 	1
Seawards the Great Ships 	1961 	1 	1
Sky Above and Mud Beneath (Le Ciel et la boue) 	1961 	1 	1
Splendor in the Grass 	1961 	1 	2
The Substitute 	1961 	1 	1
Through a Glass Darkly (Såsom i en spegel) 	1961 	1 	2
Two Women (La Ciociara) 	1961 	1 	1
West Side Story 	1961 	10 	11
Black Fox: The Rise and Fall of Adolf Hitler (The Black Fox) 	1962 	1 	1
Days of Wine and Roses 	1962 	1 	5
Divorce Italian Style 	1962 	1 	3
Dylan Thomas 	1962 	1 	1
Happy Anniversary (Heureux Anniversaire) 	1962 	1 	1
The Hole 	1962 	1 	1
Lawrence of Arabia 	1962 	7 	10
The Longest Day 	1962 	2 	5
The Miracle Worker 	1962 	2 	5
The Music Man 	1962 	1 	6
Sundays and Cybele (Le Dimanches de Ville d'Avray) 	1962 	1 	3
Sweet Bird of Youth 	1962 	1 	3
To Kill a Mockingbird 	1962 	3 	8
What Ever Happened to Baby Jane? 	1962 	1 	5
The Wonderful World of the Brothers Grimm 	1962 	1 	4
America America 	1963 	1 	4
Chagall 	1963 	1 	1
Cleopatra 	1963 	4 	9
The Critic 	1963 	1 	1
Federico Fellini's 8½ 	1963 	2 	5
How the West Was Won 	1963 	3 	8
Hud 	1963 	3 	7
Irma la Douce 	1963 	1 	3
It's a Mad, Mad, Mad, Mad World 	1963 	1 	6
Lilies of the Field 	1963 	1 	5
An Occurrence at Owl Creek Bridge 	1963 	1 	1
Papa's Delicate Condition 	1963 	1 	1
Robert Frost: A Lover's Quarrel with the World 	1963 	1 	1
Tom Jones 	1963 	4 	10
The V.I.P.s 	1963 	1 	1
Becket 	1964 	1 	12
Casals Conducts: 1964 	1964 	1 	1
Father Goose 	1964 	1 	3
Goldfinger 	1964 	1 	1
Mary Poppins 	1964 	5 	13
My Fair Lady 	1964 	8 	12
The Night of the Iguana 	1964 	1 	4
Nine from Little Rock 	1964 	1 	1
The Pink Phink 	1964 	1 	1
Topkapi 	1964 	1 	1
World Without Sun (Le Monde sans soleil) 	1964 	1 	1
Yesterday, Today and Tomorrow (Ieri, oggi, domani) 	1964 	1 	1
Zorba the Greek (Alexis Zorbas) 	1964 	3 	7
Cat Ballou 	1965 	1 	5
The Chicken (Le Poulet) 	1965 	1 	1
Darling 	1965 	3 	5
Doctor Zhivago 	1965 	5 	10
The Dot and the Line (The Dot and the Line: A Romance in Lower Mathematics) 	1965 	1 	1
The Eleanor Roosevelt Story 	1965 	1 	1
The Great Race 	1965 	1 	5
A Patch of Blue 	1965 	1 	5
The Sandpiper 	1965 	1 	1
Ship of Fools 	1965 	2 	8
The Shop on Main Street (Obchod na korze) 	1965 	1 	2
The Sound of Music 	1965 	5 	10
A Thousand Clowns 	1965 	1 	4
Thunderball 	1965 	1 	1
To Be Alive! 	1965 	1 	1
A Herb Alpert and the Tijuana Brass Double Feature 	1966 	1 	1
Born Free 	1966 	2 	2
Fantastic Voyage 	1966 	2 	5
The Fortune Cookie 	1966 	1 	4
A Funny Thing Happened on the Way to the Forum 	1966 	1 	1
Grand Prix 	1966 	3 	3
A Man and a Woman 	1966 	2 	4
A Man for All Seasons 	1966 	6 	8
The War Game 	1966 	1 	1
Who's Afraid of Virginia Woolf? 	1966 	5 	13
Wild Wings 	1966 	1 	1
A Year Toward Tomorrow 	1966 	1 	1
A Place to Stand 	1967 	1 	2
The Anderson Platoon (La Section Anderson) 	1967 	1 	1
Bonnie and Clyde 	1967 	2 	10
The Box 	1967 	1 	1
Camelot 	1967 	3 	5
Closely Watched Trains (Ostre sledované vlaky) 	1967 	1 	1
Cool Hand Luke 	1967 	1 	4
The Dirty Dozen 	1967 	1 	4
Doctor Dolittle 	1967 	2 	9
The Graduate 	1967 	1 	7
Guess Who's Coming to Dinner 	1967 	2 	10
In the Heat of the Night 	1967 	5 	7
The Producers 	1967 	1 	2
The Redwoods 	1967 	1 	1
Thoroughly Modern Millie 	1967 	1 	7
2001: A Space Odyssey 	1968 	1 	4
Bullitt 	1968 	1 	2
Charly 	1968 	1 	1
Funny Girl 	1968 	1 	8
Journey into Self 	1968 	1 	1
The Lion in Winter 	1968 	3 	7
Oliver! 	1968 	5	11
Planet of the Apes 	1968 	0	2
Robert Kennedy Remembered 	1968 	1 	1
Romeo and Juliet 	1968 	2 	4
Rosemary's Baby 	1968 	1 	2
The Subject Was Roses 	1968 	1 	2
The Thomas Crown Affair 	1968 	1 	2
War and Peace (Voyna i mir) 	1968 	1 	2
Why Man Creates 	1968 	1 	1
Winnie the Pooh and the Blustery Day 	1968 	1 	1
Anne of the Thousand Days 	1969 	1 	10
Arthur Rubinstein – The Love of Life (L'amour de la vie - Artur Rubinstein) 	1969 	1 	1
Butch Cassidy and the Sundance Kid 	1969 	4 	7
Cactus Flower 	1969 	1 	1
Czechoslovakia 1968 	1969 	1 	1
Hello, Dolly! 	1969 	3 	7
It's Tough to Be a Bird 	1969 	1 	1
The Magic Machines 	1969 	1 	2
Marooned 	1969 	1 	3
Midnight Cowboy 	1969 	3 	7
The Prime of Miss Jean Brodie 	1969 	1 	2
They Shoot Horses, Don't They? 	1969 	1 	9
True Grit 	1969 	1 	2
Z 	1969 	2 	5
Airport 	1970 	1 	10
Cromwell 	1970 	1 	2
Interviews with My Lai Veterans 	1970 	1 	1
Investigation of a Citizen Above Suspicion (Indagine su un cittadino al di sopra di ogni sospetto) 	1970 	1 	2
Is It Always Right to Be Right? 	1970 	1 	1
Let It Be 	1970 	1 	1
Love Story 	1970 	1 	7
Lovers and Other Strangers 	1970 	1 	3
M*A*S*H 	1970 	1 	5
Patton 	1970 	7 	10
The Resurrection of Broncho Billy 	1970 	1 	1
Ryan's Daughter 	1970 	2 	4
Tora! Tora! Tora! 	1970 	1 	5
Women in Love 	1970 	1 	4
Woodstock 	1970 	1 	3
Bedknobs and Broomsticks 	1971 	1 	5
The Crunch Bird 	1971 	1 	1
Fiddler on the Roof 	1971 	3 	8
The French Connection 	1971 	5 	8
The Garden of the Finzi-Continis (Il Giardino dei Finzi-Contini) 	1971 	1 	2
The Hellstrom Chronicle 	1971 	1 	1
The Hospital 	1971 	1 	2
Klute 	1971 	1 	2
The Last Picture Show 	1971 	2 	8
Nicholas and Alexandra 	1971 	2 	6
Sentinels of Silence 	1971 	2 	2
Shaft 	1971 	1 	2
Summer of '42 	1971 	1 	4
Butterflies Are Free 	1972 	1 	3
Cabaret 	1972 	8 	10
The Candidate 	1972 	1 	2
A Christmas Carol 	1972 	1 	1
The Discreet Charm of the Bourgeoisie (Le charme discret de la bourgeoisie) 	1972 	1 	2
The Godfather 	1972 	3 	10
Limelight 	1972 	1 	1
Marjoe 	1972 	1 	1
Norman Rockwell's World... An American Dream 	1972 	1 	1
The Poseidon Adventure 	1972 	1	8
This Tiny World 	1972 	1 	1
Travels with My Aunt 	1972 	1 	4
The Bolero 	1973 	1 	1
Cries and Whispers (Viskningar och rop) 	1973 	1 	5
Day for Night (La Nuit américaine) 	1973 	1 	4
The Exorcist 	1973 	2 	10
Frank Film 	1973 	1 	1
The Great American Cowboy 	1973 	1 	1
The Paper Chase 	1973 	1 	3
Paper Moon 	1973 	1 	4
Princeton: A Search for Answers 	1973 	1 	1
Save the Tiger 	1973 	1 	3
The Sting 	1973 	7 	10
A Touch of Class 	1973 	1 	5
The Way We Were 	1973 	2 	6
Alice Doesn't Live Here Anymore 	1974 	1 	3
Amarcord 	1974 	1 	3
Chinatown 	1974 	1 	11
Closed Mondays 	1974 	1 	1
Don't 	1974 	1 	1
Earthquake 	1974 	1	4
The Godfather Part II 	1974 	6 	11
The Great Gatsby 	1974 	2 	2
Harry and Tonto 	1974 	1 	2
Hearts and Minds 	1974 	1 	1
Murder on the Orient Express 	1974 	1 	6
One-Eyed Men Are Kings (...borgnes sont rois, Les) 	1974 	1 	1
The Towering Inferno 	1974 	3 	8
Angel and Big Joe 	1975 	1 	1
Barry Lyndon 	1975 	4 	7
Dersu Uzala 	1975 	1 	1
Dog Day Afternoon 	1975 	1 	6
The End of the Game 	1975 	1 	1
Great (Great (Isambard Kingdom Brunel)) 	1975 	1 	1
The Hindenburg 	1975 	0	3
Jaws 	1975 	3 	4
The Man Who Skied Down Everest 	1975 	1 	1
Nashville 	1975 	1 	5
One Flew over the Cuckoo's Nest 	1975 	5 	9
Shampoo 	1975 	1 	4
The Sunshine Boys 	1975 	1 	4
All the President's Men 	1976 	4 	8
Black and White in Color (Noirs et blancs en couleur) 	1976 	1 	1
Bound for Glory 	1976 	2 	6
Fellini's Casanova (Il Casanova di Federico Fellini) 	1976 	1 	2
Harlan County, USA 	1976 	1 	1
In the Region of Ice 	1976 	1 	1
King Kong 	1976 	0	2
Leisure 	1976 	1 	1
Logan's Run 	1976 	0	2
Network 	1976 	4 	10
Number Our Days 	1976 	1 	1
The Omen 	1976 	1 	2
Rocky 	1976 	3 	10
A Star Is Born 	1976 	1 	4
Annie Hall 	1977 	4 	5
Close Encounters of the Third Kind 	1977 	1	8
The Goodbye Girl 	1977 	1 	5
Gravity Is My Enemy 	1977 	1 	1
I'll Find a Way 	1977 	1 	1
Julia 	1977 	3 	11
A Little Night Music 	1977 	1 	2
Madame Rosa (La Vie devant soi) 	1977 	1 	1
The Sand Castle (Le Château de sable) 	1977 	1 	1
Star Wars 	1977 	6	10
Who Are the DeBolts? And Where Did They Get Nineteen Kids? 	1977 	1 	1
You Light Up My Life 	1977 	1 	1
The Buddy Holly Story 	1978 	1 	3
California Suite 	1978 	1 	3
Coming Home 	1978 	3 	8
Days of Heaven 	1978 	1 	4
Death on the Nile 	1978 	1 	1
The Deer Hunter 	1978 	5 	9
The Flight of the Gossamer Condor 	1978 	1 	1
Get Out Your Handkerchiefs (Préparez vos mouchoirs) 	1978 	1 	1
Heaven Can Wait 	1978 	1 	9
Midnight Express 	1978 	2 	6
Scared Straight! 	1978 	1 	1
Special Delivery 	1978 	1 	1
Superman 	1978 	0	3
Teenage Father 	1978 	1 	1
Thank God It's Friday 	1978 	1 	1
Alien 	1979 	1 	2
All That Jazz 	1979 	4 	9
Apocalypse Now 	1979 	2 	8
Being There 	1979 	1 	2
Best Boy 	1979 	1 	1
The Black Stallion 	1979 	0	2
Board and Care 	1979 	1 	1
Breaking Away 	1979 	1 	5
Every Child 	1979 	1 	1
Kramer vs. Kramer 	1979 	5 	9
A Little Romance 	1979 	1 	2
Norma Rae 	1979 	2 	4
Paul Robeson: Tribute to an Artist 	1979 	1 	1
The Tin Drum (Die Blechtrommel) 	1979 	1 	1
Coal Miner's Daughter 	1980 	1 	7
The Dollar Bottom 	1980 	1 	1
The Empire Strikes Back 	1980 	1	3
Fame 	1980 	2 	6
The Fly (A Légy) 	1980 	1 	1
From Mao to Mozart: Isaac Stern in China 	1980 	1 	1
Karl Hess: Toward Liberty 	1980 	1 	1
Melvin and Howard 	1980 	2 	3
Moscow Does Not Believe in Tears 	1980 	1 	1
Ordinary People 	1980 	4 	6
Raging Bull 	1980 	2 	8
Tess 	1980 	3 	6
An American Werewolf in London 	1981 	1 	1
Arthur 	1981 	2 	4
Chariots of Fire 	1981 	4 	7
Close Harmony 	1981 	1 	1
Crac 	1981 	1 	1
Genocide 	1981 	1 	1
Mephisto 	1981 	1 	1
On Golden Pond 	1981 	3 	10
Raiders of the Lost Ark 	1981 	4	8
Reds 	1981 	3 	12
Violet 	1981 	1 	1
E.T.: The Extra-Terrestrial 	1982 	4 	9
Gandhi 	1982 	8 	11
If You Love This Planet 	1982 	1 	1
Just Another Missing Kid 	1982 	1 	1
Missing 	1982 	1 	4
An Officer and a Gentleman 	1982 	2 	6
Quest for Fire 	1982 	1 	1
A Shocking Accident 	1982 	1 	1
Sophie's Choice 	1982 	1 	5
Tango 	1982 	1 	1
To Begin Again (Volver a empezar) 	1982 	1 	1
Tootsie 	1982 	1 	10
Victor/Victoria 	1982 	1 	7
Boys and Girls 	1983 	1 	1
Fanny & Alexander (Fanny och Alexander) 	1983 	4 	6
Flamenco at 5:15 	1983 	1 	1
Flashdance 	1983 	1 	4
He Makes Me Feel Like Dancin' 	1983 	1 	1
Return of the Jedi 	1983 	0	4
The Right Stuff 	1983 	4 	8
Sundae in New York 	1983 	1 	1
Tender Mercies 	1983 	2 	5
Terms of Endearment 	1983 	5 	11
The Year of Living Dangerously 	1983 	1 	1
Yentl 	1983 	1 	5
Amadeus 	1984 	8 	11
Charade 	1984 	1 	1
Dangerous Moves (La Diagonale du fou) 	1984 	1 	1
Indiana Jones and the Temple of Doom 	1984 	1 	2
The Killing Fields 	1984 	3 	7
A Passage to India 	1984 	2 	11
Places in the Heart 	1984 	2 	7
Purple Rain 	1984 	1 	1
The River 	1984 	0	4
The Stone Carvers 	1984 	1 	1
The Times of Harvey Milk 	1984 	1 	1
Up 	1984 	1 	1
The Woman in Red 	1984 	1 	1
Anna & Bella 	1985 	1 	1
Back to the Future 	1985 	1 	4
Broken Rainbow 	1985 	1 	1
Cocoon 	1985 	2 	2
Kiss of the Spider Woman 	1985 	1 	4
Mask 	1985 	1 	1
Molly's Pilgrim 	1985 	1 	1
The Official Story (La Historia Oficial) 	1985 	1 	2
Out of Africa 	1985 	7 	11
Prizzi's Honor 	1985 	1 	8
Ran 	1985 	1 	4
The Trip to Bountiful 	1985 	1 	2
White Nights 	1985 	1 	2
Witness 	1985 	2 	8
Witness to War: Dr. Charlie Clements 	1985 	1 	1
Aliens 	1986 	2 	7
Artie Shaw: Time Is All You've Got 	1986 	1 	1
The Assault (De Aanslag) 	1986 	1 	1
Children of a Lesser God 	1986 	1 	5
The Color of Money 	1986 	1 	4
Down and Out in America 	1986 	1 	1
The Fly 	1986 	1 	1
A Greek Tragedy 	1986 	1 	1
Hannah and Her Sisters 	1986 	3 	7
The Mission 	1986 	1 	7
Platoon 	1986 	4 	8
Precious Images 	1986 	1 	1
A Room with a View 	1986 	3 	8
Round Midnight 	1986 	1 	2
Top Gun 	1986 	1 	4
Women – for America, for the World 	1986 	1 	1
Babette's Feast (Babettes gæstebud) 	1987 	1 	1
Dirty Dancing 	1987 	1 	1
Harry and the Hendersons 	1987 	1 	1
Innerspace 	1987 	1 	1
The Last Emperor 	1987 	9 	9
The Man Who Planted Trees (L' Homme qui plantait des arbres) 	1987 	1 	1
Moonstruck 	1987 	3 	6
Ray's Male Heterosexual Dance Hall 	1987 	1 	1
RoboCop 	1987 	0	2
The Ten-Year Lunch 	1987 	1 	1
The Untouchables 	1987 	1 	4
Wall Street 	1987 	1 	1
Young at Heart 	1987 	1 	1
The Accidental Tourist 	1988 	1 	4
The Accused 	1988 	1 	1
The Appointments of Dennis Jennings 	1988 	1 	1
Beetlejuice 	1988 	1 	1
Bird 	1988 	1 	1
Dangerous Liaisons 	1988 	3 	7
A Fish Called Wanda 	1988 	1 	3
Hôtel Terminus: The Life and Times of Klaus Barbie 	1988 	1 	1
The Milagro Beanfield War 	1988 	1 	1
Mississippi Burning 	1988 	1 	7
Pelle the Conqueror (Pelle erobreren) 	1988 	1 	2
Rain Man 	1988 	4 	8
Tin Toy 	1988 	1 	1
Who Framed Roger Rabbit 	1988 	3	6
Working Girl 	1988 	1 	6
You Don't Have to Die 	1988 	1 	1
The Abyss 	1989 	1 	4
Balance 	1989 	1 	1
Batman 	1989 	1 	1
Born on the Fourth of July 	1989 	2 	8
Cinema Paradiso 	1989 	1 	1
Common Threads: Stories from the Quilt 	1989 	1 	1
Dead Poets Society 	1989 	1 	4
Driving Miss Daisy 	1989 	4 	9
Glory 	1989 	3 	5
Henry V 	1989 	1 	3
Indiana Jones and the Last Crusade 	1989 	1 	3
The Johnstown Flood 	1989 	1 	1
The Little Mermaid 	1989 	2 	3
My Left Foot 	1989 	2 	5
Work Experience 	1989 	1 	1
American Dream 	1990 	1 	1
Creature Comforts 	1990 	1 	1
Cyrano de Bergerac 	1990 	1 	5
Dances with Wolves 	1990 	7 	12
Days of Waiting 	1990 	1 	1
Dick Tracy 	1990 	3 	7
Ghost 	1990 	2 	5
Goodfellas 	1990 	1 	6
The Hunt for Red October 	1990 	1 	3
Journey of Hope (Reise der Hoffnung) 	1990 	1 	1
The Lunch Date 	1990 	1 	1
Misery 	1990 	1 	1
Reversal of Fortune 	1990 	1 	3
Total Recall 	1990 	0	2
Beauty and the Beast 	1991 	2 	6
Bugsy 	1991 	2 	10
City Slickers 	1991 	1 	1
Deadly Deception: General Electric, Nuclear Weapons and Our Environment 	1991 	1 	1
The Fisher King 	1991 	1 	5
In the Shadow of the Stars 	1991 	1 	1
JFK 	1991 	2 	8
Manipulation 	1991 	1 	1
Mediterraneo 	1991 	1 	1
Session Man 	1991 	1 	1
The Silence of the Lambs 	1991 	5 	7
Terminator 2: Judgment Day 	1991 	4 	6
Thelma & Louise 	1991 	1 	6
Aladdin 	1992 	2 	5
Bram Stoker's Dracula 	1992 	3 	4
The Crying Game 	1992 	1 	6
Death Becomes Her 	1992 	1 	1
Educating Peter 	1992 	1 	1
Howards End 	1992 	3 	9
Indochine 	1992 	1 	2
Mona Lisa Descending a Staircase 	1992 	1 	1
My Cousin Vinny 	1992 	1 	1
Omnibus 	1992 	1 	1
The Panama Deception 	1992 	1 	1
A River Runs Through It 	1992 	1 	3
Scent of a Woman 	1992 	1 	4
The Last of the Mohicans 	1992 	1 	1
Unforgiven 	1992 	4 	9
The Age of Innocence 	1993 	1 	5
Belle Epoque (The Beautiful Era) 	1993 	1 	1
Black Rider (Schwarzfahrer) 	1993 	1 	1
Defending Our Lives 	1993 	1 	1
The Fugitive 	1993 	1 	7
I Am a Promise: The Children of Stanton Elementary School 	1993 	1 	1
Jurassic Park 	1993 	3 	3
Mrs. Doubtfire 	1993 	1 	1
Philadelphia 	1993 	2 	5
The Piano 	1993 	3 	8
Schindler's List 	1993 	7 	12
The Wrong Trousers 	1993 	1 	1
The Adventures of Priscilla, Queen of the Desert 	1994 	1 	1
Blue Sky 	1994 	1 	1
Bob's Birthday 	1994 	1 	1
Bullets over Broadway 	1994 	1 	7
Burnt by the Sun (Utomlyonnye solntsem) 	1994 	1 	1
Ed Wood 	1994 	2 	2
Forrest Gump 	1994 	6 	13
Franz Kafka's It's a Wonderful Life 	1994 	1 	1
Legends of the Fall 	1994 	1 	3
The Lion King 	1994 	2 	4
The Madness of King George 	1994 	1 	4
Maya Lin: A Strong Clear Vision 	1994 	1 	1
Pulp Fiction 	1994 	1 	7
Speed 	1994 	2 	3
A Time for Justice 	1994 	1 	1
Trevor 	1994 	1 	1
Anne Frank Remembered 	1995 	1 	1
Antonia's Line (Antonia) 	1995 	1 	1
Apollo 13 	1995 	2 	9
Babe 	1995 	1 	7
Braveheart 	1995 	5 	10
A Close Shave 	1995 	1 	1
Dead Man Walking 	1995 	1 	4
Il Postino: The Postman 	1995 	1 	5
Leaving Las Vegas 	1995 	1 	4
Lieberman in Love 	1995 	1 	1
Mighty Aphrodite 	1995 	1 	2
One Survivor Remembers 	1995 	1 	1
Pocahontas 	1995 	2 	2
Restoration 	1995 	2 	2
Sense and Sensibility 	1995 	1 	7
Toy Story 	1995 	0	3
The Usual Suspects 	1995 	2 	2
Breathing Lessons: The Life and Work of Mark O'Brien 	1996 	1 	1
Dear Diary 	1996 	1 	1
Emma 	1996 	1 	2
The English Patient 	1996 	9 	12
Evita 	1996 	1 	5
Fargo 	1996 	2 	7
The Ghost and the Darkness 	1996 	1 	1
Independence Day 	1996 	1 	2
Jerry Maguire 	1996 	1 	5
Kolya 	1996 	1 	1
The Nutty Professor 	1996 	1 	1
Quest 	1996 	1 	1
Shine 	1996 	1 	7
Sling Blade 	1996 	1 	2
When We Were Kings 	1996 	1 	1
As Good as It Gets 	1997 	2 	7
Character (Karakter) 	1997 	1 	1
The Full Monty 	1997 	1 	4
Geri's Game 	1997 	1 	1
Good Will Hunting 	1997 	2 	9
L.A. Confidential 	1997 	2 	9
The Long Way Home 	1997 	1 	1
Men in Black 	1997 	1 	3
A Story of Healing 	1997 	1 	1
Titanic 	1997 	11 	14
Visas and Virtue 	1997 	1 	1
Affliction 	1998 	1 	2
Bunny 	1998 	1 	1
Election Night (Valgaften) 	1998 	1 	1
Elizabeth 	1998 	1 	7
Gods and Monsters 	1998 	1 	3
The Last Days 	1998 	1 	1
Life Is Beautiful (La vita è bella) 	1998 	3 	7
The Prince of Egypt 	1998 	1 	2
Saving Private Ryan 	1998 	5 	11
Shakespeare in Love 	1998 	7 	13
The Personals 	1998 	1 	1
What Dreams May Come 	1998 	1 	2
All About My Mother (Todo sobre mi madre) 	1999 	1 	1
American Beauty 	1999 	5 	8
Boys Don't Cry 	1999 	1 	2
The Cider House Rules 	1999 	2 	7
Girl, Interrupted 	1999 	1 	1
King Gimp 	1999 	1 	1
The Matrix 	1999 	4 	4
My Mother Dreams the Satan's Disciples in New York 	1999 	1 	1
The Old Man and the Sea 	1999 	1 	1
One Day in September 	1999 	1 	1
The Red Violin (Le violon rouge) 	1999 	1 	1
Sleepy Hollow 	1999 	1 	3
Tarzan 	1999 	1 	1
Topsy-Turvy 	1999 	2 	4
Almost Famous 	2000 	1 	4
Big Mama 	2000 	1 	1
Crouching Tiger, Hidden Dragon 	2000 	4 	10
Erin Brockovich 	2000 	1 	5
Father and Daughter 	2000 	1 	1
Gladiator 	2000 	5 	12
How the Grinch Stole Christmas 	2000 	1 	3
Into the Arms of Strangers: Stories of the Kindertransport 	2000 	1 	1
Pollock 	2000 	1 	2
Quiero ser (I want to be...) 	2000 	1 	1
Traffic 	2000 	4 	5
U-571 	2000 	1 	2
Wonder Boys 	2000 	1 	3
The Accountant 	2001 	1 	1
A Beautiful Mind 	2001 	4 	8
Black Hawk Down 	2001 	2 	4
For the Birds 	2001 	1 	1
Gosford Park 	2001 	1 	7
Iris 	2001 	1 	3
The Lord of the Rings: The Fellowship of the Ring 	2001 	4 	13
Monster's Ball 	2001 	1 	2
Monsters, Inc. 	2001 	1 	4
Moulin Rouge! 	2001 	2 	8
Murder on a Sunday Morning (Un coupable idéal) 	2001 	1 	1
No Man's Land 	2001 	1 	1
Pearl Harbor 	2001 	1 	4
Shrek 	2001 	1 	2
Thoth 	2001 	1 	1
Training Day 	2001 	1 	2
8 Mile 	2002 	1 	1
Adaptation 	2002 	1 	4
Bowling for Columbine 	2002 	1 	1
Chicago 	2002 	6 	13
The ChubbChubbs! 	2002 	1 	1
Frida 	2002 	2 	6
The Hours 	2002 	1 	9
The Lord of the Rings: The Two Towers 	2002 	2 	6
Nowhere in Africa (Nirgendwo in Afrika) 	2002 	1 	1
The Pianist 	2002 	3 	7
Road to Perdition 	2002 	1 	6
Spirited Away 	2002 	1 	1
Talk to Her (Hable con ella) 	2002 	1 	2
This Charming Man (Der Er En Yndig Mand) 	2002 	1 	1
Twin Towers 	2002 	1 	1
The Barbarian Invasions 	2003 	1 	2
Chernobyl Heart 	2003 	1 	1
Cold Mountain 	2003 	1 	7
Finding Nemo 	2003 	1 	4
The Fog of War 	2003 	1 	1
Harvie Krumpet 	2003 	1 	1
The Lord of the Rings: The Return of the King 	2003 	11 	11
Lost in Translation 	2003 	1 	4
Master and Commander: The Far Side of the World 	2003 	2 	10
Monster 	2003 	1 	1
Mystic River 	2003 	2 	6
Two Soldiers 	2003 	1 	1
The Aviator 	2004 	5 	11
Born into Brothels 	2004 	1 	1
Eternal Sunshine of the Spotless Mind 	2004 	1 	2
Finding Neverland 	2004 	1 	7
The Incredibles 	2004 	2 	4
Lemony Snicket's A Series of Unfortunate Events 	2004 	1 	4
Mighty Times: The Children's March 	2004 	1 	1
Million Dollar Baby 	2004 	4 	7
The Motorcycle Diaries 	2004 	1 	2
Ray 	2004 	2 	6
Ryan 	2004 	1 	1
The Sea Inside 	2004 	1 	2
Sideways 	2004 	1 	5
Spider-Man 2 	2004 	1 	3
Wasp 	2004 	1 	1
Brokeback Mountain 	2005 	3 	8
Capote 	2005 	1 	5
The Chronicles of Narnia: The Lion, the Witch and the Wardrobe 	2005 	1 	3
The Constant Gardener 	2005 	1 	4
Crash 	2005 	3 	6
Hustle & Flow 	2005 	1 	2
King Kong 	2005 	3 	4
March of the Penguins (La Marche de l'empereur) 	2005 	1 	1
Memoirs of a Geisha 	2005 	3 	6
The Moon and the Son: An Imagined Conversation 	2005 	1 	1
A Note of Triumph: The Golden Age of Norman Corwin 	2005 	1 	1
Six Shooter 	2005 	1 	1
Syriana 	2005 	1 	2
Tsotsi 	2005 	1 	1
Walk the Line 	2005 	1 	5
Wallace & Gromit: The Curse of the Were-Rabbit 	2005 	1 	1
Babel 	2006 	1 	7
The Blood of Yingzhou District 	2006 	1 	1
The Danish Poet 	2006 	1 	1
The Departed 	2006 	4 	5
Dreamgirls 	2006 	2 	8
Happy Feet 	2006 	1 	1
An Inconvenient Truth 	2006 	2 	2
The Last King of Scotland 	2006 	1 	1
Letters from Iwo Jima 	2006 	1 	4
Little Miss Sunshine 	2006 	2 	4
The Lives of Others (Das Leben der Anderen) 	2006 	1 	1
Marie Antoinette 	2006 	1 	1
Pan's Labyrinth (El laberinto del fauno) 	2006 	3 	6
Pirates of the Caribbean: Dead Man's Chest 	2006 	1 	4
The Queen 	2006 	1 	6
West Bank Story 	2006 	1 	1
Atonement 	2007 	1 	7
The Bourne Ultimatum 	2007 	3 	3
The Counterfeiters (Die Fälscher) 	2007 	1 	1
Elizabeth: The Golden Age 	2007 	1 	2
Freeheld 	2007 	1 	1
The Golden Compass 	2007 	1 	2
Juno 	2007 	1 	4
Michael Clayton 	2007 	1 	7
Le Mozart des pickpockets 	2007 	1 	1
No Country for Old Men 	2007 	4 	8
Once 	2007 	1 	1
Peter & the Wolf 	2007 	1 	1
Ratatouille 	2007 	1 	5
Sweeney Todd: The Demon Barber of Fleet Street 	2007 	1 	3
Taxi to the Dark Side 	2007 	1 	1
There Will Be Blood 	2007 	2 	8
La Vie en rose 	2007 	2 	3
The Curious Case of Benjamin Button 	2008 	3 	13
The Dark Knight 	2008 	2 	8
Departures 	2008 	1 	1
The Duchess 	2008 	1 	2
La Maison en Petits Cubes 	2008 	1 	1
Man on Wire 	2008 	1 	1
Milk 	2008 	2 	8
The Reader 	2008 	1 	5
Slumdog Millionaire 	2008 	8 	10
Smile Pinki 	2008 	1 	1
Toyland 	2008 	1 	1
Vicky Cristina Barcelona 	2008 	1 	1
WALL-E 	2008 	1 	6
Avatar 	2009 	3 	9
The Blind Side 	2009 	1 	2
The Cove 	2009 	1 	1
Crazy Heart 	2009 	2 	3
The Hurt Locker 	2009 	6 	9
Inglourious Basterds 	2009 	1 	8
Logorama 	2009 	1 	1
Music by Prudence 	2009 	1 	1
The New Tenants 	2009 	1 	1
Precious 	2009 	2 	6
The Secret in Their Eyes 	2009 	1 	1
Star Trek 	2009 	1 	4
Up 	2009 	2 	5
The Young Victoria 	2009 	1 	3
Alice in Wonderland 	2010 	2 	3
Black Swan 	2010 	1 	5
The Fighter 	2010 	2 	7
God of Love 	2010 	1 	1
In a Better World 	2010 	1 	1
Inception 	2010 	4 	8
Inside Job 	2010 	1 	1
The Lost Thing 	2010 	1 	1
The Social Network 	2010 	3 	8
Strangers No More 	2010 	1 	1
The King's Speech 	2010 	4 	12
Toy Story 3 	2010 	2 	5
The Wolfman 	2010 	1 	1
A Separation 	2011 	1 	2
Beginners 	2011 	1 	1
The Fantastic Flying Books of Mr. Morris Lessmore 	2011 	1 	1
The Help 	2011 	1 	4
Hugo 	2011 	5 	11
Midnight in Paris 	2011 	1 	4
Rango 	2011 	1 	1
Saving Face 	2011 	1 	1
The Artist 	2011 	5 	10
The Descendants 	2011 	1 	5
The Girl with the Dragon Tattoo 	2011 	1 	5
The Iron Lady 	2011 	2 	2
The Muppets 	2011 	1 	1
The Shore 	2011 	1 	1
Undefeated 	2011 	1 	1
Amour 	2012 	1 	5
Anna Karenina 	2012 	1 	4
Argo 	2012 	3 	7
Brave 	2012 	1 	1
Curfew 	2012 	1 	1
Django Unchained 	2012 	2 	5
Inocente 	2012 	1 	1
Les Misérables 	2012 	3 	8
Life of Pi 	2012 	4 	11
Lincoln 	2012 	2 	12
Paperman 	2012 	1 	1
Searching for Sugar Man 	2012 	1 	1
Silver Linings Playbook 	2012 	1 	8
Skyfall 	2012 	2 	5
Zero Dark Thirty 	2012 	1 	5
12 Years a Slave 	2013 	3 	9
20 Feet from Stardom 	2013 	1 	1
Blue Jasmine 	2013 	1 	3
Dallas Buyers Club 	2013 	3 	6
Frozen 	2013 	2 	2
Gravity 	2013 	7 	10
The Great Beauty 	2013 	1 	1
The Great Gatsby 	2013 	2 	2
Helium 	2013 	1 	1
Her 	2013 	1 	5
The Lady in Number 6 	2013 	1 	1
Mr Hublot 	2013 	1 	1
American Sniper 	2014 	1 	6
Big Hero 6 	2014 	1 	1
Birdman 	2014 	4 	9
Boyhood 	2014 	1 	6
Citizenfour 	2014 	1 	1
Crisis Hotline: Veterans Press 1 	2014 	1 	1
Feast 	2014 	1 	1
Ida 	2014 	1 	2
Interstellar 	2014 	1 	5
Selma 	2014 	1 	2
Still Alice 	2014 	1 	1
The Grand Budapest Hotel 	2014 	4 	9
The Imitation Game 	2014 	1 	8
The Phone Call 	2014 	1 	1
The Theory of Everything 	2014 	1 	5
Whiplash 	2014 	3 	5
A Girl in the River: The Price of Forgiveness 	2015 	1 	1
Amy 	2015 	1 	1
Bear Story 	2015 	1 	1
Bridge of Spies 	2015 	1 	6
Ex Machina 	2015 	1 	2
Inside Out 	2015 	1 	2
Mad Max: Fury Road 	2015 	6 	10
Room 	2015 	1 	4
Son of Saul 	2015 	1 	1
Spectre 	2015 	1 	1
Spotlight 	2015 	2 	6
Stutterer 	2015 	1 	1
The Big Short 	2015 	1 	5
The Danish Girl 	2015 	1 	4
The Hateful Eight 	2015 	1 	3
The Revenant 	2015 	3 	12
Arrival 	2016 	1 	8
Fantastic Beasts and Where to Find Them 	2016 	1 	2
Fences 	2016 	1 	4
Hacksaw Ridge 	2016 	2 	6
The Jungle Book 	2016 	1 	1
La La Land 	2016 	6 	14
Manchester by the Sea 	2016 	2 	6
Moonlight 	2016 	3 	8
O.J.: Made in America 	2016 	1 	1
Piper 	2016 	1 	1
Sing 	2016 	1 	1
Suicide Squad 	2016 	1 	1
The Salesman 	2016 	1 	1
The White Helmets 	2016 	1 	1
Zootopia 	2016 	1 	1
A Fantastic Woman 	2017 	1 	1
Blade Runner 2049 	2017 	2 	5
Call Me by Your Name 	2017 	1 	4
Coco 	2017 	2 	2
Darkest Hour 	2017 	2 	6
Dear Basketball 	2017 	1 	1
Dunkirk 	2017 	3 	8
Flesh and Sand (Carne y arena) 	2017 	0 	0
Get Out 	2017 	1 	4
Heaven Is a Traffic Jam on the 405 	2017 	1 	1
I, Tonya 	2017 	1 	3
Icarus 	2017 	1 	1
Phantom Thread 	2017 	1 	6
The Shape of Water 	2017 	4 	13
The Silent Child 	2017 	1 	1
Three Billboards Outside Ebbing, Missouri 	2017 	2 	7
A Star Is Born 	2018 	1 	8
Bao 	2018 	1 	1
Black Panther 	2018 	3 	7
BlacKkKlansman 	2018 	1 	6
Bohemian Rhapsody 	2018 	4 	5
First Man 	2018 	1 	4
Free Solo 	2018 	1 	1
Green Book 	2018 	3 	5
If Beale Street Could Talk 	2018 	1 	3
Period. End of Sentence. 	2018 	1 	1
Roma 	2018 	3 	10
Skin 	2018 	1 	1
Spider-Man: Into the Spider-Verse 	2018 	1 	1
The Favourite 	2018 	1 	10
Vice 	2018 	1 	8
1917 	2019 	3 	10
American Factory 	2019 	1 	1
Bombshell 	2019 	1 	3
Ford v Ferrari 	2019 	2 	4
Hair Love 	2019 	1 	1
Jojo Rabbit 	2019 	1 	6
Joker 	2019 	2 	11
Judy 	2019 	1 	2
Learning to Skateboard in a Warzone (If You're a Girl) 	2019 	1 	1
Little Women 	2019 	1 	6
Marriage Story 	2019 	1 	6
Once Upon a Time in Hollywood 	2019 	2 	10
Parasite 	2019 	4 	6
Rocketman 	2019 	1 	1
The Neighbors' Window 	2019 	1 	1
Toy Story 4 	2019 	1 	2
